Leg,Kelly ($M),Risk Parity ($M),VaR-Constrained ($M),Phase-Based ($M)
CDS 5Y Long,20.0,409.3546104442478,0.1280788677416919,30.0
OAT/Bund Spread,22.5,0.00011359933684282319,0.14408872620940336,15.0
Options (Bank Puts),7.5,59.02954895131799,0.048029575403134454,5.0
